"","class","no_pic","t","OTC"
"1","2D",1,0,0.009139402
"2","2D",1,15,0.043952309
"3","2D",1,30,0.1244868
"4","2D",1,45,0.292950497
"5","2D",1,60,0.440823186
"6","2D",1,75,0.557590026
"7","2D",1,90,0.636307657
"8","2D",1,105,0.681636374
"9","2D",1,120,0.723984418
"10","2D",1,135,0.775445284
"11","2D",1,150,0.833490206
"12","2D",1,165,0.87899437
"13","2D",1,180,0.906638311
"14","2D",1,195,0.938764879
"15","2D",1,210,0.957586787
"16","2D",1,225,0.970383718
"17","2D",1,240,0.972816715
"18","2D",1,255,0.973722992
"19","2D",1,270,0.97374126
"20","2D",1,285,0.97374159
"21","2D",1,300,0.973777797
"22","2D",1,315,0.973831918
"23","2D",1,330,0.973886081
"24","2D",1,345,0.974074812
"25","2D",1,360,0.974164816
"26","2D",1,375,0.974398455
"27","2D",1,390,0.97443462
"28","2D",1,405,0.974452828
"29","2D",1,420,0.974470779
"30","2D",1,435,0.974471022
"31","2D",1,450,0.974471279
"32","2D",1,465,0.97452534
"33","2D",1,480,0.974525574
"34","2D",1,495,0.974543729
"35","2D",1,510,0.974543954
"36","2D",1,525,0.974562121
"37","2D",1,540,0.974562298
"38","2D",1,555,0.974579547
"39","2D",1,570,0.974579744
"40","2D",1,585,0.974672511
"41","2D",1,600,0.974672726
"42","2D",1,615,0.974746934
"43","2D",1,630,0.974765083
"44","2D",1,645,0.974802297
"45","2D",1,660,0.974802509
"46","2D",1,675,0.974802714
"47","2D",1,690,0.974802896
"48","2D",1,705,0.974803091
"49","2D",1,720,0.974803291
"50","2D",1,735,0.974803499
"51","2D",1,750,0.975006743
"52","2D",1,765,0.977056506
"53","2D",1,780,0.977857559
"54","2D",1,795,0.978163396
"55","2D",1,810,0.978594359
"56","2D",1,825,0.978767283
"57","2D",1,840,0.980060901
"58","2D",1,855,0.980115998
"59","2D",1,870,0.980190839
"60","2D",1,885,0.980191028
"61","2D",1,900,0.98022712
"62","2D",1,915,0.980397826
"63","2D",1,930,0.980475175
"64","2D",1,945,0.980793074
"65","2D",1,960,0.980851701
"66","2D",1,975,0.980950627
"67","2D",1,990,0.980964171
"68","2D",1,1005,0.980964356
"69","2D",1,1020,0.980964552
"70","2D",1,1035,0.980982702
"71","2D",1,1050,0.980982903
"72","2D",1,1065,0.9809831
"73","2D",1,1080,0.981001237
"74","2D",1,1095,0.981093983
"75","2D",1,1110,0.981186155
"76","2D",1,1125,0.981212602
"77","2D",1,1140,0.981332922
"78","2D",1,1155,0.981351063
"79","2D",1,1170,0.981405106
"80","2D",1,1185,0.981500312
"81","2D",1,1200,0.981522152
"82","2D",1,1215,0.981522346
"83","2D",1,1230,0.981522542
"84","2D",1,1245,0.981522733
"85","2D",1,1260,0.981522922
"86","2D",1,1275,0.981523127
"87","2D",1,1290,0.981523311
"88","2D",1,1305,0.981523509
"89","2D",1,1320,0.981523698
"90","2D",1,1335,0.981523883
"91","2D",1,1350,0.981542037
"92","2D",2,0,0.010086462
"93","2D",2,15,0.044248328
"94","2D",2,30,0.090539184
"95","2D",2,45,0.171015594
"96","2D",2,60,0.258490369
"97","2D",2,75,0.345536025
"98","2D",2,90,0.396932516
"99","2D",2,105,0.438512377
"100","2D",2,120,0.500450596
"101","2D",2,135,0.552227522
"102","2D",2,150,0.598763952
"103","2D",2,165,0.641801337
"104","2D",2,180,0.67130141
"105","2D",2,195,0.713554325
"106","2D",2,210,0.748879297
"107","2D",2,225,0.780716283
"108","2D",2,240,0.805767312
"109","2D",2,255,0.829407948
"110","2D",2,270,0.855148207
"111","2D",2,285,0.879827696
"112","2D",2,300,0.901813722
"113","2D",2,315,0.91630141
"114","2D",2,330,0.926530696
"115","2D",2,345,0.933542485
"116","2D",2,360,0.94215929
"117","2D",2,375,0.949040213
"118","2D",2,390,0.954129623
"119","2D",2,405,0.958681785
"120","2D",2,420,0.960645018
"121","2D",2,435,0.962474987
"122","2D",2,450,0.966905338
"123","2D",2,465,0.969984716
"124","2D",2,480,0.971525038
"125","2D",2,495,0.972257627
"126","2D",2,510,0.97356549
"127","2D",2,525,0.975329392
"128","2D",2,540,0.976065404
"129","2D",2,555,0.97725546
"130","2D",2,570,0.978367758
"131","2D",2,585,0.98029137
"132","2D",2,600,0.981960967
"133","2D",2,615,0.983584353
"134","2D",2,630,0.986598143
"135","2D",2,645,0.987660078
"136","2D",2,660,0.989972861
"137","2D",2,675,0.991436319
"138","2D",2,690,0.992699095
"139","2D",2,705,0.994589547
"140","2D",2,720,0.995812798
"141","2D",2,735,0.997361483
"142","2D",2,750,0.999628082
"143","2D",2,765,0.999867527
"144","2D",2,780,1
"145","2D",2,795,1
"146","2D",2,810,1
"147","2D",2,825,1
"148","2D",2,840,1
"149","2D",2,855,1
"150","2D",2,870,1
"151","2D",2,885,1
"152","2D",2,900,1
"153","2D",2,915,1
"154","2D",2,930,1
"155","2D",2,945,1
"156","2D",2,960,1
"157","2D",2,975,1
"158","2D",2,990,1
"159","2D",2,1005,1
"160","2D",2,1020,1
"161","2D",2,1035,1
"162","2D",2,1050,1
"163","2D",2,1065,1
"164","2D",2,1080,1
"165","2D",2,1095,1
"166","2D",2,1110,1
"167","2D",2,1125,1
"168","2D",2,1140,1
"169","2D",2,1155,1
"170","2D",2,1170,1
"171","2D",2,1185,1
"172","2D",2,1200,1
"173","2D",2,1215,1
"174","2D",2,1230,1
"175","2D",2,1245,1
"176","2D",2,1260,1
"177","2D",2,1275,1
"178","2D",2,1290,1
"179","2D",2,1305,1
"180","2D",2,1320,1
"181","2D",2,1335,1
"182","2D",2,1350,1
"183","2D",3,0,0.018354886
"184","2D",3,15,0.088543762
"185","2D",3,30,0.17637092
"186","2D",3,45,0.279995845
"187","2D",3,60,0.373585987
"188","2D",3,75,0.492281627
"189","2D",3,90,0.569880226
"190","2D",3,105,0.615963922
"191","2D",3,120,0.665387807
"192","2D",3,135,0.756338242
"193","2D",3,150,0.823026892
"194","2D",3,165,0.874044036
"195","2D",3,180,0.907867635
"196","2D",3,195,0.938725271
"197","2D",3,210,0.957109171
"198","2D",3,225,0.96736169
"199","2D",3,240,0.974018213
"200","2D",3,255,0.983876569
"201","2D",3,270,0.989746513
"202","2D",3,285,0.990266235
"203","2D",3,300,0.990380884
"204","2D",3,315,0.990420761
"205","2D",3,330,0.990826327
"206","2D",3,345,0.993138629
"207","2D",3,360,0.994212143
"208","2D",3,375,0.994467319
"209","2D",3,390,0.994477086
"210","2D",3,405,0.994690841
"211","2D",3,420,0.995034986
"212","2D",3,435,0.996032978
"213","2D",3,450,0.997645505
"214","2D",3,465,0.998217505
"215","2D",3,480,0.998217579
"216","2D",3,495,0.998227153
"217","2D",3,510,0.998274806
"218","2D",3,525,0.998373422
"219","2D",3,540,0.999136276
"220","2D",3,555,0.99991921
"221","2D",3,570,1
"222","2D",3,585,1
"223","2D",3,600,1
"224","2D",3,615,1
"225","2D",3,630,1
"226","2D",3,645,1
"227","2D",3,660,1
"228","2D",3,675,1
"229","2D",3,690,1
"230","2D",3,705,1
"231","2D",3,720,1
"232","2D",3,735,1
"233","2D",3,750,1
"234","2D",3,765,1
"235","2D",3,780,1
"236","2D",3,795,1
"237","2D",3,810,1
"238","2D",3,825,1
"239","2D",3,840,1
"240","2D",3,855,1
"241","2D",3,870,1
"242","2D",3,885,1
"243","2D",3,900,1
"244","2D",3,915,1
"245","2D",3,930,1
"246","2D",3,945,1
"247","2D",3,960,1
"248","2D",3,975,1
"249","2D",3,990,1
"250","2D",3,1005,1
"251","2D",3,1020,1
"252","2D",3,1035,1
"253","2D",3,1050,1
"254","2D",3,1065,1
"255","2D",3,1080,1
"256","2D",3,1095,1
"257","2D",3,1110,1
"258","2D",3,1125,1
"259","2D",3,1140,1
"260","2D",3,1155,1
"261","2D",3,1170,1
"262","2D",3,1185,1
"263","2D",3,1200,1
"264","2D",3,1215,1
"265","2D",3,1230,1
"266","2D",3,1245,1
"267","2D",3,1260,1
"268","2D",3,1275,1
"269","2D",3,1290,1
"270","2D",3,1305,1
"271","2D",3,1320,1
"272","2D",3,1335,1
"273","2D",3,1350,1
"274","2D",4,0,0.006118836
"275","2D",4,15,0.032205608
"276","2D",4,30,0.082522868
"277","2D",4,45,0.199267194
"278","2D",4,60,0.319039267
"279","2D",4,75,0.418701569
"280","2D",4,90,0.520342204
"281","2D",4,105,0.595895198
"282","2D",4,120,0.646032329
"283","2D",4,135,0.700185984
"284","2D",4,150,0.743890152
"285","2D",4,165,0.764008984
"286","2D",4,180,0.789253
"287","2D",4,195,0.821552158
"288","2D",4,210,0.853523675
"289","2D",4,225,0.889432986
"290","2D",4,240,0.918000455
"291","2D",4,255,0.946692492
"292","2D",4,270,0.970431177
"293","2D",4,285,0.984181387
"294","2D",4,300,0.989369176
"295","2D",4,315,0.993535129
"296","2D",4,330,0.99762555
"297","2D",4,345,0.999512181
"298","2D",4,360,0.999627122
"299","2D",4,375,0.999629336
"300","2D",4,390,0.999644851
"301","2D",4,405,0.999662956
"302","2D",4,420,0.999711913
"303","2D",4,435,0.999724982
"304","2D",4,450,0.999740447
"305","2D",4,465,0.999756331
"306","2D",4,480,0.999756614
"307","2D",4,495,0.999756883
"308","2D",4,510,0.999757159
"309","2D",4,525,0.999757445
"310","2D",4,540,0.999757688
"311","2D",4,555,0.999757958
"312","2D",4,570,0.999758201
"313","2D",4,585,0.999758465
"314","2D",4,600,0.999758661
"315","2D",4,615,0.999758839
"316","2D",4,630,0.999759006
"317","2D",4,645,0.999759165
"318","2D",4,660,0.999759314
"319","2D",4,675,0.999759429
"320","2D",4,690,0.999773515
"321","2D",4,705,0.99985853
"322","2D",4,720,0.999972798
"323","2D",4,735,0.999998284
"324","2D",4,750,0.999998308
"325","2D",4,765,0.999998327
"326","2D",4,780,0.999998337
"327","2D",4,795,0.999998342
"328","2D",4,810,1
"329","2D",4,825,1
"330","2D",4,840,1
"331","2D",4,855,1
"332","2D",4,870,1
"333","2D",4,885,1
"334","2D",4,900,1
"335","2D",4,915,1
"336","2D",4,930,1
"337","2D",4,945,1
"338","2D",4,960,1
"339","2D",4,975,1
"340","2D",4,990,1
"341","2D",4,1005,1
"342","2D",4,1020,1
"343","2D",4,1035,1
"344","2D",4,1050,1
"345","2D",4,1065,1
"346","2D",4,1080,1
"347","2D",4,1095,1
"348","2D",4,1110,1
"349","2D",4,1125,1
"350","2D",4,1140,1
"351","2D",4,1155,1
"352","2D",4,1170,1
"353","2D",4,1185,1
"354","2D",4,1200,1
"355","2D",4,1215,1
"356","2D",4,1230,1
"357","2D",4,1245,1
"358","2D",4,1260,1
"359","2D",4,1275,1
"360","2D",4,1290,1
"361","2D",4,1305,1
"362","2D",4,1320,1
"363","2D",4,1335,1
"364","2D",4,1350,1
"365","2D",5,0,0.011959044
"366","2D",5,15,0.043105532
"367","2D",5,30,0.093161124
"368","2D",5,45,0.171555188
"369","2D",5,60,0.250087704
"370","2D",5,75,0.350562783
"371","2D",5,90,0.430995784
"372","2D",5,105,0.511800395
"373","2D",5,120,0.586381543
"374","2D",5,135,0.645267417
"375","2D",5,150,0.683174442
"376","2D",5,165,0.713563025
"377","2D",5,180,0.736936507
"378","2D",5,195,0.763367586
"379","2D",5,210,0.785990354
"380","2D",5,225,0.809966044
"381","2D",5,240,0.832005412
"382","2D",5,255,0.856904875
"383","2D",5,270,0.882479671
"384","2D",5,285,0.913661124
"385","2D",5,300,0.934148343
"386","2D",5,315,0.941569752
"387","2D",5,330,0.946711351
"388","2D",5,345,0.950275364
"389","2D",5,360,0.954729609
"390","2D",5,375,0.960208489
"391","2D",5,390,0.962059954
"392","2D",5,405,0.963175355
"393","2D",5,420,0.968473933
"394","2D",5,435,0.977946597
"395","2D",5,450,0.98713906
"396","2D",5,465,0.991211662
"397","2D",5,480,0.993697812
"398","2D",5,495,0.995210834
"399","2D",5,510,0.99668048
"400","2D",5,525,0.997731347
"401","2D",5,540,0.998311299
"402","2D",5,555,0.999217146
"403","2D",5,570,0.999826426
"404","2D",5,585,0.999996781
"405","2D",5,600,1
"406","2D",5,615,1
"407","2D",5,630,1
"408","2D",5,645,1
"409","2D",5,660,1
"410","2D",5,675,1
"411","2D",5,690,1
"412","2D",5,705,1
"413","2D",5,720,1
"414","2D",5,735,1
"415","2D",5,750,1
"416","2D",5,765,1
"417","2D",5,780,1
"418","2D",5,795,1
"419","2D",5,810,1
"420","2D",5,825,1
"421","2D",5,840,1
"422","2D",5,855,1
"423","2D",5,870,1
"424","2D",5,885,1
"425","2D",5,900,1
"426","2D",5,915,1
"427","2D",5,930,1
"428","2D",5,945,1
"429","2D",5,960,1
"430","2D",5,975,1
"431","2D",5,990,1
"432","2D",5,1005,1
"433","2D",5,1020,1
"434","2D",5,1035,1
"435","2D",5,1050,1
"436","2D",5,1065,1
"437","2D",5,1080,1
"438","2D",5,1095,1
"439","2D",5,1110,1
"440","2D",5,1125,1
"441","2D",5,1140,1
"442","2D",5,1155,1
"443","2D",5,1170,1
"444","2D",5,1185,1
"445","2D",5,1200,1
"446","2D",5,1215,1
"447","2D",5,1230,1
"448","2D",5,1245,1
"449","2D",5,1260,1
"450","2D",5,1275,1
"451","2D",5,1290,1
"452","2D",5,1305,1
"453","2D",5,1320,1
"454","2D",5,1335,1
"455","2D",5,1350,1
"456","2D",6,0,0.01013725
"457","2D",6,15,0.03991295
"458","2D",6,30,0.096384713
"459","2D",6,45,0.221063119
"460","2D",6,60,0.360378603
"461","2D",6,75,0.525332412
"462","2D",6,90,0.642775109
"463","2D",6,105,0.742474653
"464","2D",6,120,0.820407276
"465","2D",6,135,0.871700204
"466","2D",6,150,0.90715821
"467","2D",6,165,0.935620613
"468","2D",6,180,0.945499868
"469","2D",6,195,0.952184393
"470","2D",6,210,0.956589176
"471","2D",6,225,0.956772467
"472","2D",6,240,0.956861486
"473","2D",6,255,0.95695264
"474","2D",6,270,0.956963411
"475","2D",6,285,0.957081193
"476","2D",6,300,0.957081622
"477","2D",6,315,0.957081989
"478","2D",6,330,0.957202459
"479","2D",6,345,0.957248141
"480","2D",6,360,0.957293764
"481","2D",6,375,0.957407828
"482","2D",6,390,0.957548057
"483","2D",6,405,0.958034348
"484","2D",6,420,0.958539148
"485","2D",6,435,0.959802147
"486","2D",6,450,0.961681552
"487","2D",6,465,0.962602536
"488","2D",6,480,0.962847335
"489","2D",6,495,0.96323486
"490","2D",6,510,0.964018745
"491","2D",6,525,0.966605808
"492","2D",6,540,0.968155412
"493","2D",6,555,0.968499111
"494","2D",6,570,0.968632964
"495","2D",6,585,0.968652717
"496","2D",6,600,0.968691908
"497","2D",6,615,0.968692189
"498","2D",6,630,0.968789756
"499","2D",6,645,0.968801899
"500","2D",6,660,0.968821465
"501","2D",6,675,0.968904883
"502","2D",6,690,0.969189438
"503","2D",6,705,0.969576284
"504","2D",6,720,0.969586922
"505","2D",6,735,0.969597571
"506","2D",6,750,0.969686065
"507","2D",6,765,0.969696716
"508","2D",6,780,0.969696982
"509","2D",6,795,0.969723184
"510","2D",6,810,0.969723456
"511","2D",6,825,0.969723711
"512","2D",6,840,0.969723983
"513","2D",6,855,0.969724243
"514","2D",6,870,0.969750464
"515","2D",6,885,0.969763035
"516","2D",6,900,0.969763303
"517","2D",6,915,0.96979633
"518","2D",6,930,0.969822545
"519","2D",6,945,0.969852994
"520","2D",6,960,0.969853284
"521","2D",6,975,0.969853543
"522","2D",6,990,0.969853779
"523","2D",6,1005,0.969864365
"524","2D",6,1020,0.96987496
"525","2D",6,1035,0.969875173
"526","2D",6,1050,0.969901316
"527","2D",6,1065,0.96992746
"528","2D",6,1080,0.970036623
"529","2D",6,1095,0.970208073
"530","2D",6,1110,0.970400265
"531","2D",6,1125,0.970895383
"532","2D",6,1140,0.972548936
"533","2D",6,1155,0.976940859
"534","2D",6,1170,0.986687707
"535","2D",6,1185,0.9932749
"536","2D",6,1200,0.996656519
"537","2D",6,1215,0.997551616
"538","2D",6,1230,0.999308989
"539","2D",6,1245,0.999735184
"540","2D",6,1260,0.999873083
"541","2D",6,1275,1
"542","2D",6,1290,1
"543","2D",6,1305,1
"544","2D",6,1320,1
"545","2D",6,1335,1
"546","2D",6,1350,1
"547","2D",7,0,0.000550301
"548","2D",7,15,0.001964112
"549","2D",7,30,0.006394918
"550","2D",7,45,0.028681893
"551","2D",7,60,0.065733125
"552","2D",7,75,0.15458255
"553","2D",7,90,0.243100032
"554","2D",7,105,0.304851086
"555","2D",7,120,0.391019586
"556","2D",7,135,0.49448071
"557","2D",7,150,0.61474316
"558","2D",7,165,0.685908393
"559","2D",7,180,0.747571981
"560","2D",7,195,0.814992808
"561","2D",7,210,0.858096358
"562","2D",7,225,0.908538294
"563","2D",7,240,0.943358826
"564","2D",7,255,0.963704591
"565","2D",7,270,0.97291382
"566","2D",7,285,0.979790673
"567","2D",7,300,0.979799566
"568","2D",7,315,0.979831812
"569","2D",7,330,0.979832293
"570","2D",7,345,0.979907916
"571","2D",7,360,0.979938408
"572","2D",7,375,0.980485296
"573","2D",7,390,0.981354336
"574","2D",7,405,0.982475844
"575","2D",7,420,0.983348097
"576","2D",7,435,0.984035864
"577","2D",7,450,0.98456745
"578","2D",7,465,0.985012606
"579","2D",7,480,0.988290104
"580","2D",7,495,0.989391769
"581","2D",7,510,0.989604431
"582","2D",7,525,0.989702343
"583","2D",7,540,0.990573426
"584","2D",7,555,0.994228928
"585","2D",7,570,0.995733473
"586","2D",7,585,0.996127381
"587","2D",7,600,0.996199771
"588","2D",7,615,0.996439134
"589","2D",7,630,0.996768726
"590","2D",7,645,0.996899039
"591","2D",7,660,0.997083373
"592","2D",7,675,0.997889144
"593","2D",7,690,0.998908823
"594","2D",7,705,0.999414828
"595","2D",7,720,0.999835179
"596","2D",7,735,0.999867223
"597","2D",7,750,0.99989534
"598","2D",7,765,0.999930467
"599","2D",7,780,0.999950854
"600","2D",7,795,0.999990975
"601","2D",7,810,1
"602","2D",7,825,1
"603","2D",7,840,1
"604","2D",7,855,1
"605","2D",7,870,1
"606","2D",7,885,1
"607","2D",7,900,1
"608","2D",7,915,1
"609","2D",7,930,1
"610","2D",7,945,1
"611","2D",7,960,1
"612","2D",7,975,1
"613","2D",7,990,1
"614","2D",7,1005,1
"615","2D",7,1020,1
"616","2D",7,1035,1
"617","2D",7,1050,1
"618","2D",7,1065,1
"619","2D",7,1080,1
"620","2D",7,1095,1
"621","2D",7,1110,1
"622","2D",7,1125,1
"623","2D",7,1140,1
"624","2D",7,1155,1
"625","2D",7,1170,1
"626","2D",7,1185,1
"627","2D",7,1200,1
"628","2D",7,1215,1
"629","2D",7,1230,1
"630","2D",7,1245,1
"631","2D",7,1260,1
"632","2D",7,1275,1
"633","2D",7,1290,1
"634","2D",7,1305,1
"635","2D",7,1320,1
"636","2D",7,1335,1
"637","2D",7,1350,1
"638","2D",8,0,0.005283855
"639","2D",8,15,0.031151494
"640","2D",8,30,0.09105789
"641","2D",8,45,0.206055657
"642","2D",8,60,0.313821417
"643","2D",8,75,0.448297012
"644","2D",8,90,0.558810761
"645","2D",8,105,0.654134783
"646","2D",8,120,0.742482755
"647","2D",8,135,0.811714698
"648","2D",8,150,0.864387798
"649","2D",8,165,0.882216958
"650","2D",8,180,0.890845914
"651","2D",8,195,0.900936877
"652","2D",8,210,0.905228986
"653","2D",8,225,0.905352874
"654","2D",8,240,0.905457863
"655","2D",8,255,0.905485871
"656","2D",8,270,0.905554728
"657","2D",8,285,0.905555027
"658","2D",8,300,0.905611285
"659","2D",8,315,0.905653508
"660","2D",8,330,0.905730771
"661","2D",8,345,0.905814878
"662","2D",8,360,0.90610745
"663","2D",8,375,0.906292501
"664","2D",8,390,0.906368121
"665","2D",8,405,0.906418606
"666","2D",8,420,0.906418861
"667","2D",8,435,0.906419126
"668","2D",8,450,0.906429903
"669","2D",8,465,0.906517635
"670","2D",8,480,0.906682324
"671","2D",8,495,0.907164726
"672","2D",8,510,0.907795196
"673","2D",8,525,0.90875037
"674","2D",8,540,0.909527889
"675","2D",8,555,0.909847237
"676","2D",8,570,0.909983497
"677","2D",8,585,0.909983829
"678","2D",8,600,0.909984086
"679","2D",8,615,0.909984345
"680","2D",8,630,0.909984604
"681","2D",8,645,0.909984902
"682","2D",8,660,0.909985188
"683","2D",8,675,0.909985465
"684","2D",8,690,0.909985722
"685","2D",8,705,0.909986002
"686","2D",8,720,0.90998629
"687","2D",8,735,0.909986556
"688","2D",8,750,0.90998684
"689","2D",8,765,0.909987134
"690","2D",8,780,0.909987417
"691","2D",8,795,0.909987683
"692","2D",8,810,0.909987938
"693","2D",8,825,0.909988195
"694","2D",8,840,0.910049222
"695","2D",8,855,0.910206383
"696","2D",8,870,0.910434754
"697","2D",8,885,0.910654669
"698","2D",8,900,0.910966138
"699","2D",8,915,0.911669385
"700","2D",8,930,0.912626545
"701","2D",8,945,0.91336878
"702","2D",8,960,0.914860932
"703","2D",8,975,0.917531981
"704","2D",8,990,0.922262987
"705","2D",8,1005,0.935916708
"706","2D",8,1020,0.963279139
"707","2D",8,1035,0.991013708
"708","2D",8,1050,0.998536433
"709","2D",8,1065,0.999921127
"710","2D",8,1080,1
"711","2D",8,1095,1
"712","2D",8,1110,1
"713","2D",8,1125,1
"714","2D",8,1140,1
"715","2D",8,1155,1
"716","2D",8,1170,1
"717","2D",8,1185,1
"718","2D",8,1200,1
"719","2D",8,1215,1
"720","2D",8,1230,1
"721","2D",8,1245,1
"722","2D",8,1260,1
"723","2D",8,1275,1
"724","2D",8,1290,1
"725","2D",8,1305,1
"726","2D",8,1320,1
"727","2D",8,1335,1
"728","2D",8,1350,1
"729","2D",9,0,0.001366185
"730","2D",9,15,0.006365043
"731","2D",9,30,0.02884666
"732","2D",9,45,0.092451192
"733","2D",9,60,0.17200689
"734","2D",9,75,0.241690944
"735","2D",9,90,0.289789317
"736","2D",9,105,0.34134986
"737","2D",9,120,0.395052788
"738","2D",9,135,0.43684328
"739","2D",9,150,0.470838815
"740","2D",9,165,0.510687267
"741","2D",9,180,0.551239327
"742","2D",9,195,0.598166079
"743","2D",9,210,0.639380742
"744","2D",9,225,0.669476745
"745","2D",9,240,0.697370778
"746","2D",9,255,0.734933832
"747","2D",9,270,0.75902232
"748","2D",9,285,0.776636888
"749","2D",9,300,0.792852307
"750","2D",9,315,0.804220418
"751","2D",9,330,0.814952912
"752","2D",9,345,0.8284083
"753","2D",9,360,0.84365024
"754","2D",9,375,0.862007541
"755","2D",9,390,0.88408938
"756","2D",9,405,0.899002473
"757","2D",9,420,0.919946969
"758","2D",9,435,0.94565349
"759","2D",9,450,0.959146848
"760","2D",9,465,0.967021992
"761","2D",9,480,0.969731305
"762","2D",9,495,0.972022969
"763","2D",9,510,0.97566576
"764","2D",9,525,0.97853081
"765","2D",9,540,0.979243328
"766","2D",9,555,0.980791055
"767","2D",9,570,0.982059165
"768","2D",9,585,0.984107299
"769","2D",9,600,0.988629668
"770","2D",9,615,0.990727339
"771","2D",9,630,0.992180444
"772","2D",9,645,0.993562321
"773","2D",9,660,0.996505342
"774","2D",9,675,0.999187874
"775","2D",9,690,0.999981431
"776","2D",9,705,1
"777","2D",9,720,1
"778","2D",9,735,1
"779","2D",9,750,1
"780","2D",9,765,1
"781","2D",9,780,1
"782","2D",9,795,1
"783","2D",9,810,1
"784","2D",9,825,1
"785","2D",9,840,1
"786","2D",9,855,1
"787","2D",9,870,1
"788","2D",9,885,1
"789","2D",9,900,1
"790","2D",9,915,1
"791","2D",9,930,1
"792","2D",9,945,1
"793","2D",9,960,1
"794","2D",9,975,1
"795","2D",9,990,1
"796","2D",9,1005,1
"797","2D",9,1020,1
"798","2D",9,1035,1
"799","2D",9,1050,1
"800","2D",9,1065,1
"801","2D",9,1080,1
"802","2D",9,1095,1
"803","2D",9,1110,1
"804","2D",9,1125,1
"805","2D",9,1140,1
"806","2D",9,1155,1
"807","2D",9,1170,1
"808","2D",9,1185,1
"809","2D",9,1200,1
"810","2D",9,1215,1
"811","2D",9,1230,1
"812","2D",9,1245,1
"813","2D",9,1260,1
"814","2D",9,1275,1
"815","2D",9,1290,1
"816","2D",9,1305,1
"817","2D",9,1320,1
"818","2D",9,1335,1
"819","2D",9,1350,1
"820","2D",10,0,0.011538844
"821","2D",10,15,0.045466175
"822","2D",10,30,0.098366072
"823","2D",10,45,0.19650555
"824","2D",10,60,0.311390416
"825","2D",10,75,0.407902078
"826","2D",10,90,0.490771107
"827","2D",10,105,0.576112886
"828","2D",10,120,0.66065708
"829","2D",10,135,0.729675171
"830","2D",10,150,0.779935187
"831","2D",10,165,0.815308858
"832","2D",10,180,0.851411321
"833","2D",10,195,0.895465097
"834","2D",10,210,0.92060198
"835","2D",10,225,0.937497215
"836","2D",10,240,0.95007476
"837","2D",10,255,0.951019945
"838","2D",10,270,0.951094587
"839","2D",10,285,0.951274293
"840","2D",10,300,0.951568649
"841","2D",10,315,0.951651084
"842","2D",10,330,0.951667041
"843","2D",10,345,0.951764258
"844","2D",10,360,0.951893659
"845","2D",10,375,0.952455908
"846","2D",10,390,0.953821224
"847","2D",10,405,0.954686748
"848","2D",10,420,0.955159097
"849","2D",10,435,0.955282047
"850","2D",10,450,0.955282323
"851","2D",10,465,0.955282588
"852","2D",10,480,0.955302428
"853","2D",10,495,0.955463124
"854","2D",10,510,0.955557303
"855","2D",10,525,0.955624093
"856","2D",10,540,0.955624356
"857","2D",10,555,0.955624635
"858","2D",10,570,0.955624896
"859","2D",10,585,0.955625177
"860","2D",10,600,0.955625437
"861","2D",10,615,0.955652449
"862","2D",10,630,0.95576188
"863","2D",10,645,0.956008595
"864","2D",10,660,0.958091441
"865","2D",10,675,0.966077843
"866","2D",10,690,0.972839193
"867","2D",10,705,0.97580984
"868","2D",10,720,0.977780233
"869","2D",10,735,0.981340011
"870","2D",10,750,0.987666588
"871","2D",10,765,0.992227915
"872","2D",10,780,0.99466851
"873","2D",10,795,0.995711752
"874","2D",10,810,0.996950326
"875","2D",10,825,0.998545482
"876","2D",10,840,0.999017348
"877","2D",10,855,0.999516009
"878","2D",10,870,0.999995081
"879","2D",10,885,1
"880","2D",10,900,1
"881","2D",10,915,1
"882","2D",10,930,1
"883","2D",10,945,1
"884","2D",10,960,1
"885","2D",10,975,1
"886","2D",10,990,1
"887","2D",10,1005,1
"888","2D",10,1020,1
"889","2D",10,1035,1
"890","2D",10,1050,1
"891","2D",10,1065,1
"892","2D",10,1080,1
"893","2D",10,1095,1
"894","2D",10,1110,1
"895","2D",10,1125,1
"896","2D",10,1140,1
"897","2D",10,1155,1
"898","2D",10,1170,1
"899","2D",10,1185,1
"900","2D",10,1200,1
"901","2D",10,1215,1
"902","2D",10,1230,1
"903","2D",10,1245,1
"904","2D",10,1260,1
"905","2D",10,1275,1
"906","2D",10,1290,1
"907","2D",10,1305,1
"908","2D",10,1320,1
"909","2D",10,1335,1
"910","2D",10,1350,1
"911","3D",1,0,0.002419094
"912","3D",1,15,0.013703497
"913","3D",1,30,0.036047357
"914","3D",1,45,0.080552689
"915","3D",1,60,0.136625034
"916","3D",1,75,0.232817719
"917","3D",1,90,0.336541515
"918","3D",1,105,0.422031009
"919","3D",1,120,0.522860287
"920","3D",1,135,0.652291266
"921","3D",1,150,0.747018745
"922","3D",1,165,0.816806282
"923","3D",1,180,0.869841693
"924","3D",1,195,0.91358959
"925","3D",1,210,0.935053674
"926","3D",1,225,0.945131528
"927","3D",1,240,0.952540501
"928","3D",1,255,0.96626687
"929","3D",1,270,0.973661415
"930","3D",1,285,0.983536641
"931","3D",1,300,0.992606865
"932","3D",1,315,0.99701516
"933","3D",1,330,0.999106341
"934","3D",1,345,0.999106604
"935","3D",1,360,0.999106857
"936","3D",1,375,0.999116458
"937","3D",1,390,0.999116702
"938","3D",1,405,0.999116955
"939","3D",1,420,0.999117185
"940","3D",1,435,0.99911976
"941","3D",1,450,0.99912234
"942","3D",1,465,0.999122541
"943","3D",1,480,0.999122772
"944","3D",1,495,0.999122977
"945","3D",1,510,0.999123198
"946","3D",1,525,0.999158205
"947","3D",1,540,0.999292432
"948","3D",1,555,0.999659433
"949","3D",1,570,0.999944208
"950","3D",1,585,0.999989028
"951","3D",1,600,0.999992511
"952","3D",1,615,0.999999997
"953","3D",1,630,1
"954","3D",1,645,1
"955","3D",1,660,1
"956","3D",1,675,1
"957","3D",1,690,1
"958","3D",1,705,1
"959","3D",1,720,1
"960","3D",1,735,1
"961","3D",1,750,1
"962","3D",1,765,1
"963","3D",1,780,1
"964","3D",1,795,1
"965","3D",1,810,1
"966","3D",1,825,1
"967","3D",1,840,1
"968","3D",1,855,1
"969","3D",1,870,1
"970","3D",1,885,1
"971","3D",1,900,1
"972","3D",1,915,1
"973","3D",1,930,1
"974","3D",1,945,1
"975","3D",1,960,1
"976","3D",1,975,1
"977","3D",1,990,1
"978","3D",1,1005,1
"979","3D",1,1020,1
"980","3D",1,1035,1
"981","3D",1,1050,1
"982","3D",1,1065,1
"983","3D",1,1080,1
"984","3D",1,1095,1
"985","3D",1,1110,1
"986","3D",1,1125,1
"987","3D",1,1140,1
"988","3D",1,1155,1
"989","3D",1,1170,1
"990","3D",1,1185,1
"991","3D",1,1200,1
"992","3D",1,1215,1
"993","3D",1,1230,1
"994","3D",1,1245,1
"995","3D",1,1260,1
"996","3D",1,1275,1
"997","3D",1,1290,1
"998","3D",1,1305,1
"999","3D",1,1320,1
"1000","3D",1,1335,1
"1001","3D",1,1350,1
"1002","3D",2,0,0.003664725
"1003","3D",2,15,0.01447657
"1004","3D",2,30,0.031154151
"1005","3D",2,45,0.06430046
"1006","3D",2,60,0.116792737
"1007","3D",2,75,0.203579811
"1008","3D",2,90,0.294630749
"1009","3D",2,105,0.387194345
"1010","3D",2,120,0.475790861
"1011","3D",2,135,0.572052354
"1012","3D",2,150,0.659667234
"1013","3D",2,165,0.721544375
"1014","3D",2,180,0.769560639
"1015","3D",2,195,0.816216811
"1016","3D",2,210,0.866539358
"1017","3D",2,225,0.930177514
"1018","3D",2,240,0.957001768
"1019","3D",2,255,0.96918479
"1020","3D",2,270,0.975149832
"1021","3D",2,285,0.977340752
"1022","3D",2,300,0.979145949
"1023","3D",2,315,0.981132846
"1024","3D",2,330,0.983019252
"1025","3D",2,345,0.984034171
"1026","3D",2,360,0.98459369
"1027","3D",2,375,0.984993913
"1028","3D",2,390,0.985109285
"1029","3D",2,405,0.985220247
"1030","3D",2,420,0.985350861
"1031","3D",2,435,0.985513795
"1032","3D",2,450,0.985683576
"1033","3D",2,465,0.985909203
"1034","3D",2,480,0.985915957
"1035","3D",2,495,0.985978124
"1036","3D",2,510,0.985978369
"1037","3D",2,525,0.985985116
"1038","3D",2,540,0.985985328
"1039","3D",2,555,0.98598558
"1040","3D",2,570,0.985985811
"1041","3D",2,585,0.985986074
"1042","3D",2,600,0.985986347
"1043","3D",2,615,0.985986576
"1044","3D",2,630,0.985986791
"1045","3D",2,645,0.985987002
"1046","3D",2,660,0.985987207
"1047","3D",2,675,0.985987415
"1048","3D",2,690,0.985987584
"1049","3D",2,705,0.985987772
"1050","3D",2,720,0.985987949
"1051","3D",2,735,0.985988133
"1052","3D",2,750,0.986001281
"1053","3D",2,765,0.98600144
"1054","3D",2,780,0.986008041
"1055","3D",2,795,0.986013199
"1056","3D",2,810,0.986013345
"1057","3D",2,825,0.986013481
"1058","3D",2,840,0.986027814
"1059","3D",2,855,0.98602795
"1060","3D",2,870,0.986116767
"1061","3D",2,885,0.986183683
"1062","3D",2,900,0.986354564
"1063","3D",2,915,0.986625539
"1064","3D",2,930,0.987528216
"1065","3D",2,945,0.988735593
"1066","3D",2,960,0.99059114
"1067","3D",2,975,0.992828555
"1068","3D",2,990,0.995139122
"1069","3D",2,1005,0.99716334
"1070","3D",2,1020,0.999609091
"1071","3D",2,1035,1
"1072","3D",2,1050,1
"1073","3D",2,1065,1
"1074","3D",2,1080,1
"1075","3D",2,1095,1
"1076","3D",2,1110,1
"1077","3D",2,1125,1
"1078","3D",2,1140,1
"1079","3D",2,1155,1
"1080","3D",2,1170,1
"1081","3D",2,1185,1
"1082","3D",2,1200,1
"1083","3D",2,1215,1
"1084","3D",2,1230,1
"1085","3D",2,1245,1
"1086","3D",2,1260,1
"1087","3D",2,1275,1
"1088","3D",2,1290,1
"1089","3D",2,1305,1
"1090","3D",2,1320,1
"1091","3D",2,1335,1
"1092","3D",2,1350,1
"1093","3D",3,0,0.008851896
"1094","3D",3,15,0.035406143
"1095","3D",3,30,0.07416023
"1096","3D",3,45,0.129935495
"1097","3D",3,60,0.174544441
"1098","3D",3,75,0.224563712
"1099","3D",3,90,0.281954198
"1100","3D",3,105,0.349877183
"1101","3D",3,120,0.392829734
"1102","3D",3,135,0.43616492
"1103","3D",3,150,0.481082679
"1104","3D",3,165,0.502693887
"1105","3D",3,180,0.52263299
"1106","3D",3,195,0.557583053
"1107","3D",3,210,0.588105497
"1108","3D",3,225,0.622031421
"1109","3D",3,240,0.638144071
"1110","3D",3,255,0.649504073
"1111","3D",3,270,0.660707202
"1112","3D",3,285,0.675194104
"1113","3D",3,300,0.689806887
"1114","3D",3,315,0.702093941
"1115","3D",3,330,0.72186435
"1116","3D",3,345,0.73715264
"1117","3D",3,360,0.751641101
"1118","3D",3,375,0.768125646
"1119","3D",3,390,0.776641389
"1120","3D",3,405,0.785978954
"1121","3D",3,420,0.797335405
"1122","3D",3,435,0.817191718
"1123","3D",3,450,0.860376273
"1124","3D",3,465,0.886502362
"1125","3D",3,480,0.894139117
"1126","3D",3,495,0.89876651
"1127","3D",3,510,0.902155345
"1128","3D",3,525,0.90492243
"1129","3D",3,540,0.907187976
"1130","3D",3,555,0.910784967
"1131","3D",3,570,0.913672705
"1132","3D",3,585,0.916894745
"1133","3D",3,600,0.920355985
"1134","3D",3,615,0.925047393
"1135","3D",3,630,0.928785176
"1136","3D",3,645,0.933664117
"1137","3D",3,660,0.938936948
"1138","3D",3,675,0.944448615
"1139","3D",3,690,0.947744905
"1140","3D",3,705,0.950874024
"1141","3D",3,720,0.953722726
"1142","3D",3,735,0.956198561
"1143","3D",3,750,0.960641041
"1144","3D",3,765,0.964770535
"1145","3D",3,780,0.970130092
"1146","3D",3,795,0.977670121
"1147","3D",3,810,0.982461034
"1148","3D",3,825,0.984483474
"1149","3D",3,840,0.986987497
"1150","3D",3,855,0.988778281
"1151","3D",3,870,0.990396516
"1152","3D",3,885,0.991720454
"1153","3D",3,900,0.992962287
"1154","3D",3,915,0.994210018
"1155","3D",3,930,0.996168175
"1156","3D",3,945,0.998012156
"1157","3D",3,960,0.999134774
"1158","3D",3,975,0.999999637
"1159","3D",3,990,1
"1160","3D",3,1005,1
"1161","3D",3,1020,1
"1162","3D",3,1035,1
"1163","3D",3,1050,1
"1164","3D",3,1065,1
"1165","3D",3,1080,1
"1166","3D",3,1095,1
"1167","3D",3,1110,1
"1168","3D",3,1125,1
"1169","3D",3,1140,1
"1170","3D",3,1155,1
"1171","3D",3,1170,1
"1172","3D",3,1185,1
"1173","3D",3,1200,1
"1174","3D",3,1215,1
"1175","3D",3,1230,1
"1176","3D",3,1245,1
"1177","3D",3,1260,1
"1178","3D",3,1275,1
"1179","3D",3,1290,1
"1180","3D",3,1305,1
"1181","3D",3,1320,1
"1182","3D",3,1335,1
"1183","3D",3,1350,1
"1184","3D",4,0,0.014592572
"1185","3D",4,15,0.05622186
"1186","3D",4,30,0.117164096
"1187","3D",4,45,0.225550569
"1188","3D",4,60,0.37298529
"1189","3D",4,75,0.552160074
"1190","3D",4,90,0.64540383
"1191","3D",4,105,0.722296584
"1192","3D",4,120,0.811232278
"1193","3D",4,135,0.861379487
"1194","3D",4,150,0.885517144
"1195","3D",4,165,0.911968193
"1196","3D",4,180,0.936291139
"1197","3D",4,195,0.957625869
"1198","3D",4,210,0.968378547
"1199","3D",4,225,0.969936265
"1200","3D",4,240,0.970427509
"1201","3D",4,255,0.970998903
"1202","3D",4,270,0.971459315
"1203","3D",4,285,0.971859179
"1204","3D",4,300,0.972178487
"1205","3D",4,315,0.972342964
"1206","3D",4,330,0.972604518
"1207","3D",4,345,0.972977728
"1208","3D",4,360,0.973351237
"1209","3D",4,375,0.973990422
"1210","3D",4,390,0.974579908
"1211","3D",4,405,0.975483054
"1212","3D",4,420,0.976651065
"1213","3D",4,435,0.979847493
"1214","3D",4,450,0.983199547
"1215","3D",4,465,0.988750212
"1216","3D",4,480,0.994841713
"1217","3D",4,495,0.997547114
"1218","3D",4,510,0.99791469
"1219","3D",4,525,0.997961466
"1220","3D",4,540,0.998075446
"1221","3D",4,555,0.998154026
"1222","3D",4,570,0.998174391
"1223","3D",4,585,0.99824119
"1224","3D",4,600,0.998323681
"1225","3D",4,615,0.998512891
"1226","3D",4,630,0.99885244
"1227","3D",4,645,0.99903378
"1228","3D",4,660,0.999349349
"1229","3D",4,675,0.999725495
"1230","3D",4,690,0.999934784
"1231","3D",4,705,1
"1232","3D",4,720,1
"1233","3D",4,735,1
"1234","3D",4,750,1
"1235","3D",4,765,1
"1236","3D",4,780,1
"1237","3D",4,795,1
"1238","3D",4,810,1
"1239","3D",4,825,1
"1240","3D",4,840,1
"1241","3D",4,855,1
"1242","3D",4,870,1
"1243","3D",4,885,1
"1244","3D",4,900,1
"1245","3D",4,915,1
"1246","3D",4,930,1
"1247","3D",4,945,1
"1248","3D",4,960,1
"1249","3D",4,975,1
"1250","3D",4,990,1
"1251","3D",4,1005,1
"1252","3D",4,1020,1
"1253","3D",4,1035,1
"1254","3D",4,1050,1
"1255","3D",4,1065,1
"1256","3D",4,1080,1
"1257","3D",4,1095,1
"1258","3D",4,1110,1
"1259","3D",4,1125,1
"1260","3D",4,1140,1
"1261","3D",4,1155,1
"1262","3D",4,1170,1
"1263","3D",4,1185,1
"1264","3D",4,1200,1
"1265","3D",4,1215,1
"1266","3D",4,1230,1
"1267","3D",4,1245,1
"1268","3D",4,1260,1
"1269","3D",4,1275,1
"1270","3D",4,1290,1
"1271","3D",4,1305,1
"1272","3D",4,1320,1
"1273","3D",4,1335,1
"1274","3D",4,1350,1
"1275","3D",5,0,0.005840781
"1276","3D",5,15,0.023840981
"1277","3D",5,30,0.055034069
"1278","3D",5,45,0.122626516
"1279","3D",5,60,0.196410857
"1280","3D",5,75,0.297784608
"1281","3D",5,90,0.410318238
"1282","3D",5,105,0.517503519
"1283","3D",5,120,0.627163049
"1284","3D",5,135,0.726053479
"1285","3D",5,150,0.790204886
"1286","3D",5,165,0.852064087
"1287","3D",5,180,0.916454443
"1288","3D",5,195,0.971737059
"1289","3D",5,210,0.995921757
"1290","3D",5,225,0.998269838
"1291","3D",5,240,0.998288041
"1292","3D",5,255,0.998288634
"1293","3D",5,270,0.998292033
"1294","3D",5,285,0.998292644
"1295","3D",5,300,0.998293217
"1296","3D",5,315,0.998293711
"1297","3D",5,330,0.998294292
"1298","3D",5,345,0.998294828
"1299","3D",5,360,0.998297767
"1300","3D",5,375,0.998317134
"1301","3D",5,390,0.998364517
"1302","3D",5,405,0.998364923
"1303","3D",5,420,0.998365272
"1304","3D",5,435,0.99837172
"1305","3D",5,450,0.998378167
"1306","3D",5,465,0.998391186
"1307","3D",5,480,0.998391488
"1308","3D",5,495,0.998416686
"1309","3D",5,510,0.998440997
"1310","3D",5,525,0.998458888
"1311","3D",5,540,0.998459125
"1312","3D",5,555,0.998464397
"1313","3D",5,570,0.998464626
"1314","3D",5,585,0.998464882
"1315","3D",5,600,0.998465145
"1316","3D",5,615,0.998465381
"1317","3D",5,630,0.998465621
"1318","3D",5,645,0.998465855
"1319","3D",5,660,0.998466104
"1320","3D",5,675,0.998466346
"1321","3D",5,690,0.998466602
"1322","3D",5,705,0.998466808
"1323","3D",5,720,0.998467003
"1324","3D",5,735,0.998467188
"1325","3D",5,750,0.998467358
"1326","3D",5,765,0.998467503
"1327","3D",5,780,0.998467627
"1328","3D",5,795,0.998486028
"1329","3D",5,810,0.998496216
"1330","3D",5,825,0.998568891
"1331","3D",5,840,0.998597014
"1332","3D",5,855,0.998666297
"1333","3D",5,870,0.998881989
"1334","3D",5,885,0.999384919
"1335","3D",5,900,0.99972182
"1336","3D",5,915,0.999999999
"1337","3D",5,930,1
"1338","3D",5,945,1
"1339","3D",5,960,1
"1340","3D",5,975,1
"1341","3D",5,990,1
"1342","3D",5,1005,1
"1343","3D",5,1020,1
"1344","3D",5,1035,1
"1345","3D",5,1050,1
"1346","3D",5,1065,1
"1347","3D",5,1080,1
"1348","3D",5,1095,1
"1349","3D",5,1110,1
"1350","3D",5,1125,1
"1351","3D",5,1140,1
"1352","3D",5,1155,1
"1353","3D",5,1170,1
"1354","3D",5,1185,1
"1355","3D",5,1200,1
"1356","3D",5,1215,1
"1357","3D",5,1230,1
"1358","3D",5,1245,1
"1359","3D",5,1260,1
"1360","3D",5,1275,1
"1361","3D",5,1290,1
"1362","3D",5,1305,1
"1363","3D",5,1320,1
"1364","3D",5,1335,1
"1365","3D",5,1350,1
"1366","3D",6,0,0.016289278
"1367","3D",6,15,0.061674406
"1368","3D",6,30,0.144657509
"1369","3D",6,45,0.277718111
"1370","3D",6,60,0.401887308
"1371","3D",6,75,0.547030035
"1372","3D",6,90,0.653349416
"1373","3D",6,105,0.728047242
"1374","3D",6,120,0.776202896
"1375","3D",6,135,0.815083322
"1376","3D",6,150,0.838381614
"1377","3D",6,165,0.854942316
"1378","3D",6,180,0.872235171
"1379","3D",6,195,0.894618763
"1380","3D",6,210,0.90801064
"1381","3D",6,225,0.915949739
"1382","3D",6,240,0.922550658
"1383","3D",6,255,0.93002072
"1384","3D",6,270,0.935000735
"1385","3D",6,285,0.940333109
"1386","3D",6,300,0.945738337
"1387","3D",6,315,0.950736799
"1388","3D",6,330,0.956049216
"1389","3D",6,345,0.961610837
"1390","3D",6,360,0.967160509
"1391","3D",6,375,0.973027604
"1392","3D",6,390,0.981043973
"1393","3D",6,405,0.987007495
"1394","3D",6,420,0.990631643
"1395","3D",6,435,0.994023855
"1396","3D",6,450,0.995874442
"1397","3D",6,465,0.99701806
"1398","3D",6,480,0.998406716
"1399","3D",6,495,0.99933853
"1400","3D",6,510,0.99975162
"1401","3D",6,525,0.999940286
"1402","3D",6,540,1
"1403","3D",6,555,1
"1404","3D",6,570,1
"1405","3D",6,585,1
"1406","3D",6,600,1
"1407","3D",6,615,1
"1408","3D",6,630,1
"1409","3D",6,645,1
"1410","3D",6,660,1
"1411","3D",6,675,1
"1412","3D",6,690,1
"1413","3D",6,705,1
"1414","3D",6,720,1
"1415","3D",6,735,1
"1416","3D",6,750,1
"1417","3D",6,765,1
"1418","3D",6,780,1
"1419","3D",6,795,1
"1420","3D",6,810,1
"1421","3D",6,825,1
"1422","3D",6,840,1
"1423","3D",6,855,1
"1424","3D",6,870,1
"1425","3D",6,885,1
"1426","3D",6,900,1
"1427","3D",6,915,1
"1428","3D",6,930,1
"1429","3D",6,945,1
"1430","3D",6,960,1
"1431","3D",6,975,1
"1432","3D",6,990,1
"1433","3D",6,1005,1
"1434","3D",6,1020,1
"1435","3D",6,1035,1
"1436","3D",6,1050,1
"1437","3D",6,1065,1
"1438","3D",6,1080,1
"1439","3D",6,1095,1
"1440","3D",6,1110,1
"1441","3D",6,1125,1
"1442","3D",6,1140,1
"1443","3D",6,1155,1
"1444","3D",6,1170,1
"1445","3D",6,1185,1
"1446","3D",6,1200,1
"1447","3D",6,1215,1
"1448","3D",6,1230,1
"1449","3D",6,1245,1
"1450","3D",6,1260,1
"1451","3D",6,1275,1
"1452","3D",6,1290,1
"1453","3D",6,1305,1
"1454","3D",6,1320,1
"1455","3D",6,1335,1
"1456","3D",6,1350,1
"1457","3D",7,0,0.008202066
"1458","3D",7,15,0.040580829
"1459","3D",7,30,0.092786404
"1460","3D",7,45,0.163303241
"1461","3D",7,60,0.235516937
"1462","3D",7,75,0.316936426
"1463","3D",7,90,0.368445538
"1464","3D",7,105,0.408608311
"1465","3D",7,120,0.453507338
"1466","3D",7,135,0.49567468
"1467","3D",7,150,0.539896596
"1468","3D",7,165,0.585402385
"1469","3D",7,180,0.636746283
"1470","3D",7,195,0.684890682
"1471","3D",7,210,0.718776199
"1472","3D",7,225,0.755424922
"1473","3D",7,240,0.783252765
"1474","3D",7,255,0.799617444
"1475","3D",7,270,0.809545913
"1476","3D",7,285,0.81592068
"1477","3D",7,300,0.822005459
"1478","3D",7,315,0.827674968
"1479","3D",7,330,0.833277942
"1480","3D",7,345,0.835548541
"1481","3D",7,360,0.837377
"1482","3D",7,375,0.838850962
"1483","3D",7,390,0.841373046
"1484","3D",7,405,0.843883557
"1485","3D",7,420,0.847412926
"1486","3D",7,435,0.851197632
"1487","3D",7,450,0.856528549
"1488","3D",7,465,0.863873189
"1489","3D",7,480,0.871525694
"1490","3D",7,495,0.880750953
"1491","3D",7,510,0.890170767
"1492","3D",7,525,0.895945307
"1493","3D",7,540,0.898214292
"1494","3D",7,555,0.899219416
"1495","3D",7,570,0.900505751
"1496","3D",7,585,0.901486297
"1497","3D",7,600,0.902512243
"1498","3D",7,615,0.903469803
"1499","3D",7,630,0.904330231
"1500","3D",7,645,0.905844457
"1501","3D",7,660,0.907989715
"1502","3D",7,675,0.911375526
"1503","3D",7,690,0.915895933
"1504","3D",7,705,0.922095158
"1505","3D",7,720,0.933453985
"1506","3D",7,735,0.950492709
"1507","3D",7,750,0.959991665
"1508","3D",7,765,0.96542836
"1509","3D",7,780,0.974278012
"1510","3D",7,795,0.983477632
"1511","3D",7,810,0.989770767
"1512","3D",7,825,0.995449489
"1513","3D",7,840,0.999325802
"1514","3D",7,855,1
"1515","3D",7,870,1
"1516","3D",7,885,1
"1517","3D",7,900,1
"1518","3D",7,915,1
"1519","3D",7,930,1
"1520","3D",7,945,1
"1521","3D",7,960,1
"1522","3D",7,975,1
"1523","3D",7,990,1
"1524","3D",7,1005,1
"1525","3D",7,1020,1
"1526","3D",7,1035,1
"1527","3D",7,1050,1
"1528","3D",7,1065,1
"1529","3D",7,1080,1
"1530","3D",7,1095,1
"1531","3D",7,1110,1
"1532","3D",7,1125,1
"1533","3D",7,1140,1
"1534","3D",7,1155,1
"1535","3D",7,1170,1
"1536","3D",7,1185,1
"1537","3D",7,1200,1
"1538","3D",7,1215,1
"1539","3D",7,1230,1
"1540","3D",7,1245,1
"1541","3D",7,1260,1
"1542","3D",7,1275,1
"1543","3D",7,1290,1
"1544","3D",7,1305,1
"1545","3D",7,1320,1
"1546","3D",7,1335,1
"1547","3D",7,1350,1
"1548","3D",8,0,0.006212667
"1549","3D",8,15,0.027636317
"1550","3D",8,30,0.07264668
"1551","3D",8,45,0.151371874
"1552","3D",8,60,0.23696794
"1553","3D",8,75,0.337658297
"1554","3D",8,90,0.413001622
"1555","3D",8,105,0.491831973
"1556","3D",8,120,0.561436198
"1557","3D",8,135,0.639759698
"1558","3D",8,150,0.713152793
"1559","3D",8,165,0.783096265
"1560","3D",8,180,0.837301285
"1561","3D",8,195,0.878259357
"1562","3D",8,210,0.91133384
"1563","3D",8,225,0.942075949
"1564","3D",8,240,0.964454101
"1565","3D",8,255,0.981095683
"1566","3D",8,270,0.989170912
"1567","3D",8,285,0.993492625
"1568","3D",8,300,0.995065701
"1569","3D",8,315,0.996046661
"1570","3D",8,330,0.996510948
"1571","3D",8,345,0.996807769
"1572","3D",8,360,0.997200041
"1573","3D",8,375,0.997511669
"1574","3D",8,390,0.997735066
"1575","3D",8,405,0.997867969
"1576","3D",8,420,0.998067069
"1577","3D",8,435,0.998387101
"1578","3D",8,450,0.998871217
"1579","3D",8,465,0.999249589
"1580","3D",8,480,0.999640038
"1581","3D",8,495,0.999805455
"1582","3D",8,510,0.999942528
"1583","3D",8,525,0.999999696
"1584","3D",8,540,0.99999975
"1585","3D",8,555,0.999999809
"1586","3D",8,570,0.999999856
"1587","3D",8,585,0.999999906
"1588","3D",8,600,0.999999946
"1589","3D",8,615,0.999999976
"1590","3D",8,630,0.999999996
"1591","3D",8,645,1
"1592","3D",8,660,1
"1593","3D",8,675,1
"1594","3D",8,690,1
"1595","3D",8,705,1
"1596","3D",8,720,1
"1597","3D",8,735,1
"1598","3D",8,750,1
"1599","3D",8,765,1
"1600","3D",8,780,1
"1601","3D",8,795,1
"1602","3D",8,810,1
"1603","3D",8,825,1
"1604","3D",8,840,1
"1605","3D",8,855,1
"1606","3D",8,870,1
"1607","3D",8,885,1
"1608","3D",8,900,1
"1609","3D",8,915,1
"1610","3D",8,930,1
"1611","3D",8,945,1
"1612","3D",8,960,1
"1613","3D",8,975,1
"1614","3D",8,990,1
"1615","3D",8,1005,1
"1616","3D",8,1020,1
"1617","3D",8,1035,1
"1618","3D",8,1050,1
"1619","3D",8,1065,1
"1620","3D",8,1080,1
"1621","3D",8,1095,1
"1622","3D",8,1110,1
"1623","3D",8,1125,1
"1624","3D",8,1140,1
"1625","3D",8,1155,1
"1626","3D",8,1170,1
"1627","3D",8,1185,1
"1628","3D",8,1200,1
"1629","3D",8,1215,1
"1630","3D",8,1230,1
"1631","3D",8,1245,1
"1632","3D",8,1260,1
"1633","3D",8,1275,1
"1634","3D",8,1290,1
"1635","3D",8,1305,1
"1636","3D",8,1320,1
"1637","3D",8,1335,1
"1638","3D",8,1350,1
"1639","3D",9,0,0.004153022
"1640","3D",9,15,0.019485199
"1641","3D",9,30,0.052080453
"1642","3D",9,45,0.098818534
"1643","3D",9,60,0.145476468
"1644","3D",9,75,0.216876626
"1645","3D",9,90,0.253857872
"1646","3D",9,105,0.277754061
"1647","3D",9,120,0.322502071
"1648","3D",9,135,0.378996161
"1649","3D",9,150,0.444120911
"1650","3D",9,165,0.559494126
"1651","3D",9,180,0.674504507
"1652","3D",9,195,0.736082643
"1653","3D",9,210,0.771848786
"1654","3D",9,225,0.791770627
"1655","3D",9,240,0.806059717
"1656","3D",9,255,0.820687504
"1657","3D",9,270,0.839269228
"1658","3D",9,285,0.858073902
"1659","3D",9,300,0.872817344
"1660","3D",9,315,0.886393772
"1661","3D",9,330,0.897657706
"1662","3D",9,345,0.907075643
"1663","3D",9,360,0.91513878
"1664","3D",9,375,0.918830748
"1665","3D",9,390,0.922893054
"1666","3D",9,405,0.927492584
"1667","3D",9,420,0.932297804
"1668","3D",9,435,0.936484426
"1669","3D",9,450,0.940328454
"1670","3D",9,465,0.944626789
"1671","3D",9,480,0.949267667
"1672","3D",9,495,0.953645487
"1673","3D",9,510,0.957891925
"1674","3D",9,525,0.96083135
"1675","3D",9,540,0.963855919
"1676","3D",9,555,0.96710058
"1677","3D",9,570,0.970333119
"1678","3D",9,585,0.974413796
"1679","3D",9,600,0.979709636
"1680","3D",9,615,0.985316976
"1681","3D",9,630,0.990753973
"1682","3D",9,645,0.995685733
"1683","3D",9,660,0.997829674
"1684","3D",9,675,0.998726621
"1685","3D",9,690,0.999340805
"1686","3D",9,705,0.999956778
"1687","3D",9,720,1
"1688","3D",9,735,1
"1689","3D",9,750,1
"1690","3D",9,765,1
"1691","3D",9,780,1
"1692","3D",9,795,1
"1693","3D",9,810,1
"1694","3D",9,825,1
"1695","3D",9,840,1
"1696","3D",9,855,1
"1697","3D",9,870,1
"1698","3D",9,885,1
"1699","3D",9,900,1
"1700","3D",9,915,1
"1701","3D",9,930,1
"1702","3D",9,945,1
"1703","3D",9,960,1
"1704","3D",9,975,1
"1705","3D",9,990,1
"1706","3D",9,1005,1
"1707","3D",9,1020,1
"1708","3D",9,1035,1
"1709","3D",9,1050,1
"1710","3D",9,1065,1
"1711","3D",9,1080,1
"1712","3D",9,1095,1
"1713","3D",9,1110,1
"1714","3D",9,1125,1
"1715","3D",9,1140,1
"1716","3D",9,1155,1
"1717","3D",9,1170,1
"1718","3D",9,1185,1
"1719","3D",9,1200,1
"1720","3D",9,1215,1
"1721","3D",9,1230,1
"1722","3D",9,1245,1
"1723","3D",9,1260,1
"1724","3D",9,1275,1
"1725","3D",9,1290,1
"1726","3D",9,1305,1
"1727","3D",9,1320,1
"1728","3D",9,1335,1
"1729","3D",9,1350,1
"1730","3D",10,0,0.008459567
"1731","3D",10,15,0.039419093
"1732","3D",10,30,0.081551704
"1733","3D",10,45,0.142492769
"1734","3D",10,60,0.231804067
"1735","3D",10,75,0.386746507
"1736","3D",10,90,0.498815038
"1737","3D",10,105,0.578194538
"1738","3D",10,120,0.62692903
"1739","3D",10,135,0.688388728
"1740","3D",10,150,0.744941562
"1741","3D",10,165,0.795720678
"1742","3D",10,180,0.841555832
"1743","3D",10,195,0.891839328
"1744","3D",10,210,0.928122194
"1745","3D",10,225,0.965908443
"1746","3D",10,240,0.982932648
"1747","3D",10,255,0.992743522
"1748","3D",10,270,0.995392815
"1749","3D",10,285,0.996388805
"1750","3D",10,300,0.996986701
"1751","3D",10,315,0.997409058
"1752","3D",10,330,0.997883626
"1753","3D",10,345,0.998119237
"1754","3D",10,360,0.998404313
"1755","3D",10,375,0.998488205
"1756","3D",10,390,0.99855559
"1757","3D",10,405,0.998568378
"1758","3D",10,420,0.99860224
"1759","3D",10,435,0.99864012
"1760","3D",10,450,0.998670651
"1761","3D",10,465,0.998704409
"1762","3D",10,480,0.998783493
"1763","3D",10,495,0.998889575
"1764","3D",10,510,0.998947418
"1765","3D",10,525,0.999010993
"1766","3D",10,540,0.999114456
"1767","3D",10,555,0.999239177
"1768","3D",10,570,0.999353518
"1769","3D",10,585,0.999461111
"1770","3D",10,600,0.999562263
"1771","3D",10,615,0.999677456
"1772","3D",10,630,0.999724555
"1773","3D",10,645,0.999821454
"1774","3D",10,660,0.999916278
"1775","3D",10,675,0.999983164
"1776","3D",10,690,1
"1777","3D",10,705,1
"1778","3D",10,720,1
"1779","3D",10,735,1
"1780","3D",10,750,1
"1781","3D",10,765,1
"1782","3D",10,780,1
"1783","3D",10,795,1
"1784","3D",10,810,1
"1785","3D",10,825,1
"1786","3D",10,840,1
"1787","3D",10,855,1
"1788","3D",10,870,1
"1789","3D",10,885,1
"1790","3D",10,900,1
"1791","3D",10,915,1
"1792","3D",10,930,1
"1793","3D",10,945,1
"1794","3D",10,960,1
"1795","3D",10,975,1
"1796","3D",10,990,1
"1797","3D",10,1005,1
"1798","3D",10,1020,1
"1799","3D",10,1035,1
"1800","3D",10,1050,1
"1801","3D",10,1065,1
"1802","3D",10,1080,1
"1803","3D",10,1095,1
"1804","3D",10,1110,1
"1805","3D",10,1125,1
"1806","3D",10,1140,1
"1807","3D",10,1155,1
"1808","3D",10,1170,1
"1809","3D",10,1185,1
"1810","3D",10,1200,1
"1811","3D",10,1215,1
"1812","3D",10,1230,1
"1813","3D",10,1245,1
"1814","3D",10,1260,1
"1815","3D",10,1275,1
"1816","3D",10,1290,1
"1817","3D",10,1305,1
"1818","3D",10,1320,1
"1819","3D",10,1335,1
"1820","3D",10,1350,1
